{
    "prezbiterium": {
        "pan": -0.5663098591549294,
        "tilt": 0.7922222222222224,
        "zoom": 0.6
    },
    "ambona": {
        "pan": -0.7061408450704223,
        "tilt": 0.7486666666666665        ,
        "zoom": 0.85
    }
}

